Workbook

Sheet BBG
A1: Date | B1: 46213
A2: Index | B2: SPX Index
A3: Spot S0 | B3: {=BDP("SPX Index","PX_LAST")} -> #NAME?
A4: Rate r | B4: {=BDP("USGG3M Index","PX_LAST")/100} -> #NAME?
A5: Div Yield | B5: {=BDP("SPX Index","EQY_DVD_YLD_IND")/100} -> #NAME?
A8: Ticker | B8: Strike | C8: Expiry Date | D8: Bid | E8: Ask
A9: {=BDS("SPX Index","OPT_CHAIN","CHAIN_PUT_CALL_TYPE_OVRD","CALL","CHAIN_EXP_DT_OVRD","20260918","CHAIN_STRIKE_PX_OVRD","80%-120%","CHAIN_POINTS_OVRD","500")} -> #NAME? | B9: {=BDP(A9,"OPT_STRIKE_PX")} -> #NAME? | C9: {=BDP(A9,"OPT_EXPIRE_DT")} -> #NAME? | D9: {=BDP(A9,"PX_BID")} -> #NAME? | E9: {=BDP(A9,"PX_ASK")} -> #NAME?

Sheet Values

Sheet Schoutens Table
A1: S&P 500 Call Option Prices — Schoutens (2003) Appendix C
A2: Snapshot date: | B2: 37364
A3: Spot S0: | B3: 1124.47
A4: Rate r: | B4: 0.019
A5: Div yield q: | B5: 0.012
A7: Strike | B7: 37377 | C7: 37408 | D7: 37500 | E7: 37591 | F7: 37681 | G7: 37773 | H7: 37956
A8: 975 | B8: {=IF(SUMPRODUCT(('Schoutens Data'!$A$9:$A$83=$A8)*('Schoutens Data'!$B$9:$B$83=B$7))=0,"",SUMPRODUCT(('Schoutens Data'!$A$9:$A$83=$A8)*('Schoutens Data'!$B$9:$B$83=B$7)*'Schoutens Data'!$D$9:$D$83))} | C8: {=IF(SUMPRODUCT(('Schoutens Data'!$A$9:$A$83=$A8)*('Schoutens Data'!$B$9:$B$83=C$7))=0,"",SUMPRODUCT(('Schoutens Data'!$A$9:$A$83=$A8)*('Schoutens Data'!$B$9:$B$83=C$7)*'Schoutens Data'!$D$9:$D$83))} | D8: {=IF(SUMPRODUCT(('Schoutens Data'!$A$9:$A$83=$A8)*('Schoutens Data'!$B$9:$B$83=D$7))=0,"",SUMPRODUCT(('Schoutens Data'!$A$9:$A$83=$A8)*('Schoutens Data'!$B$9:$B$83=D$7)*'Schoutens Data'!$D$9:$D$83))} -> 161.6 | E8: {=IF(SUMPRODUCT(('Schoutens Data'!$A$9:$A$83=$A8)*('Schoutens Data'!$B$9:$B$83=E$7))=0,"",SUMPRODUCT(('Schoutens Data'!$A$9:$A$83=$A8)*('Schoutens Data'!$B$9:$B$83=E$7)*'Schoutens Data'!$D$9:$D$83))} -> 173.3 | F8: {=IF(SUMPRODUCT(('Schoutens Data'!$A$9:$A$83=$A8)*('Schoutens Data'!$B$9:$B$83=F$7))=0,"",SUMPRODUCT(('Schoutens Data'!$A$9:$A$83=$A8)*('Schoutens Data'!$B$9:$B$83=F$7)*'Schoutens Data'!$D$9:$D$83))} | G8: {=IF(SUMPRODUCT(('Schoutens Data'!$A$9:$A$83=$A8)*('Schoutens Data'!$B$9:$B$83=G$7))=0,"",SUMPRODUCT(('Schoutens Data'!$A$9:$A$83=$A8)*('Schoutens Data'!$B$9:$B$83=G$7)*'Schoutens Data'!$D$9:$D$83))} | H8: {=IF(SUMPRODUCT(('Schoutens Data'!$A$9:$A$83=$A8)*('Schoutens Data'!$B$9:$B$83=H$7))=0,"",SUMPRODUCT(('Schoutens Data'!$A$9:$A$83=$A8)*('Schoutens Data'!$B$9:$B$83=H$7)*'Schoutens Data'!$D$9:$D$83))}
A9: 995 | B9: {=IF(SUMPRODUCT(('Schoutens Data'!$A$9:$A$83=$A9)*('Schoutens Data'!$B$9:$B$83=B$7))=0,"",SUMPRODUCT(('Schoutens Data'!$A$9:$A$83=$A9)*('Schoutens Data'!$B$9:$B$83=B$7)*'Schoutens Data'!$D$9:$D$83))} | C9: {=IF(SUMPRODUCT(('Schoutens Data'!$A$9:$A$83=$A9)*('Schoutens Data'!$B$9:$B$83=C$7))=0,"",SUMPRODUCT(('Schoutens Data'!$A$9:$A$83=$A9)*('Schoutens Data'!$B$9:$B$83=C$7)*'Schoutens Data'!$D$9:$D$83))} | D9: {=IF(SUMPRODUCT(('Schoutens Data'!$A$9:$A$83=$A9)*('Schoutens Data'!$B$9:$B$83=D$7))=0,"",SUMPRODUCT(('Schoutens Data'!$A$9:$A$83=$A9)*('Schoutens Data'!$B$9:$B$83=D$7)*'Schoutens Data'!$D$9:$D$83))} -> 144.8 | E9: {=IF(SUMPRODUCT(('Schoutens Data'!$A$9:$A$83=$A9)*('Schoutens Data'!$B$9:$B$83=E$7))=0,"",SUMPRODUCT(('Schoutens Data'!$A$9:$A$83=$A9)*('Schoutens Data'!$B$9:$B$83=E$7)*'Schoutens Data'!$D$9:$D$83))} -> 157 | F9: {=IF(SUMPRODUCT(('Schoutens Data'!$A$9:$A$83=$A9)*('Schoutens Data'!$B$9:$B$83=F$7))=0,"",SUMPRODUCT(('Schoutens Data'!$A$9:$A$83=$A9)*('Schoutens Data'!$B$9:$B$83=F$7)*'Schoutens Data'!$D$9:$D$83))} | G9: {=IF(SUMPRODUCT(('Schoutens Data'!$A$9:$A$83=$A9)*('Schoutens Data'!$B$9:$B$83=G$7))=0,"",SUMPRODUCT(('Schoutens Data'!$A$9:$A$83=$A9)*('Schoutens Data'!$B$9:$B$83=G$7)*'Schoutens Data'!$D$9:$D$83))} -> 182.1 | H9: {=IF(SUMPRODUCT(('Schoutens Data'!$A$9:$A$83=$A9)*('Schoutens Data'!$B$9:$B$83=H$7))=0,"",SUMPRODUCT(('Schoutens Data'!$A$9:$A$83=$A9)*('Schoutens Data'!$B$9:$B$83=H$7)*'Schoutens Data'!$D$9:$D$83))}
A10: 1025 | B10: {=IF(SUMPRODUCT(('Schoutens Data'!$A$9:$A$83=$A10)*('Schoutens Data'!$B$9:$B$83=B$7))=0,"",SUMPRODUCT(('Schoutens Data'!$A$9:$A$83=$A10)*('Schoutens Data'!$B$9:$B$83=B$7)*'Schoutens Data'!$D$9:$D$83))} | C10: {=IF(SUMPRODUCT(('Schoutens Data'!$A$9:$A$83=$A10)*('Schoutens Data'!$B$9:$B$83=C$7))=0,"",SUMPRODUCT(('Schoutens Data'!$A$9:$A$83=$A10)*('Schoutens Data'!$B$9:$B$83=C$7)*'Schoutens Data'!$D$9:$D$83))} | D10: {=IF(SUMPRODUCT(('Schoutens Data'!$A$9:$A$83=$A10)*('Schoutens Data'!$B$9:$B$83=D$7))=0,"",SUMPRODUCT(('Schoutens Data'!$A$9:$A$83=$A10)*('Schoutens Data'!$B$9:$B$83=D$7)*'Schoutens Data'!$D$9:$D$83))} -> 120.1 | E10: {=IF(SUMPRODUCT(('Schoutens Data'!$A$9:$A$83=$A10)*('Schoutens Data'!$B$9:$B$83=E$7))=0,"",SUMPRODUCT(('Schoutens Data'!$A$9:$A$83=$A10)*('Schoutens Data'!$B$9:$B$83=E$7)*'Schoutens Data'!$D$9:$D$83))} -> 133.1 | F10: {=IF(SUMPRODUCT(('Schoutens Data'!$A$9:$A$83=$A10)*('Schoutens Data'!$B$9:$B$83=F$7))=0,"",SUMPRODUCT(('Schoutens Data'!$A$9:$A$83=$A10)*('Schoutens Data'!$B$9:$B$83=F$7)*'Schoutens Data'!$D$9:$D$83))} -> 146.5 | G10: {=IF(SUMPRODUCT(('Schoutens Data'!$A$9:$A$83=$A10)*('Schoutens Data'!$B$9:$B$83=G$7))=0,"",SUMPRODUCT(('Schoutens Data'!$A$9:$A$83=$A10)*('Schoutens Data'!$B$9:$B$83=G$7)*'Schoutens Data'!$D$9:$D$83))} | H10: {=IF(SUMPRODUCT(('Schoutens Data'!$A$9:$A$83=$A10)*('Schoutens Data'!$B$9:$B$83=H$7))=0,"",SUMPRODUCT(('Schoutens Data'!$A$9:$A$83=$A10)*('Schoutens Data'!$B$9:$B$83=H$7)*'Schoutens Data'!$D$9:$D$83))}
A11: 1050 | B11: {=IF(SUMPRODUCT(('Schoutens Data'!$A$9:$A$83=$A11)*('Schoutens Data'!$B$9:$B$83=B$7))=0,"",SUMPRODUCT(('Schoutens Data'!$A$9:$A$83=$A11)*('Schoutens Data'!$B$9:$B$83=B$7)*'Schoutens Data'!$D$9:$D$83))} | C11: {=IF(SUMPRODUCT(('Schoutens Data'!$A$9:$A$83=$A11)*('Schoutens Data'!$B$9:$B$83=C$7))=0,"",SUMPRODUCT(('Schoutens Data'!$A$9:$A$83=$A11)*('Schoutens Data'!$B$9:$B$83=C$7)*'Schoutens Data'!$D$9:$D$83))} -> 84.5 | D11: {=IF(SUMPRODUCT(('Schoutens Data'!$A$9:$A$83=$A11)*('Schoutens Data'!$B$9:$B$83=D$7))=0,"",SUMPRODUCT(('Schoutens Data'!$A$9:$A$83=$A11)*('Schoutens Data'!$B$9:$B$83=D$7)*'Schoutens Data'!$D$9:$D$83))} -> 100.7 | E11: {=IF(SUMPRODUCT(('Schoutens Data'!$A$9:$A$83=$A11)*('Schoutens Data'!$B$9:$B$83=E$7))=0,"",SUMPRODUCT(('Schoutens Data'!$A$9:$A$83=$A11)*('Schoutens Data'!$B$9:$B$83=E$7)*'Schoutens Data'!$D$9:$D$83))} -> 114.8 | F11: {=IF(SUMPRODUCT(('Schoutens Data'!$A$9:$A$83=$A11)*('Schoutens Data'!$B$9:$B$83=F$7))=0,"",SUMPRODUCT(('Schoutens Data'!$A$9:$A$83=$A11)*('Schoutens Data'!$B$9:$B$83=F$7)*'Schoutens Data'!$D$9:$D$83))} | G11: {=IF(SUMPRODUCT(('Schoutens Data'!$A$9:$A$83=$A11)*('Schoutens Data'!$B$9:$B$83=G$7))=0,"",SUMPRODUCT(('Schoutens Data'!$A$9:$A$83=$A11)*('Schoutens Data'!$B$9:$B$83=G$7)*'Schoutens Data'!$D$9:$D$83))} -> 143 | H11: {=IF(SUMPRODUCT(('Schoutens Data'!$A$9:$A$83=$A11)*('Schoutens Data'!$B$9:$B$83=H$7))=0,"",SUMPRODUCT(('Schoutens Data'!$A$9:$A$83=$A11)*('Schoutens Data'!$B$9:$B$83=H$7)*'Schoutens Data'!$D$9:$D$83))} -> 171.4
A12: 1075 | B12: {=IF(SUMPRODUCT(('Schoutens Data'!$A$9:$A$83=$A12)*('Schoutens Data'!$B$9:$B$83=B$7))=0,"",SUMPRODUCT(('Schoutens Data'!$A$9:$A$83=$A12)*('Schoutens Data'!$B$9:$B$83=B$7)*'Schoutens Data'!$D$9:$D$83))} | C12: {=IF(SUMPRODUCT(('Schoutens Data'!$A$9:$A$83=$A12)*('Schoutens Data'!$B$9:$B$83=C$7))=0,"",SUMPRODUCT(('Schoutens Data'!$A$9:$A$83=$A12)*('Schoutens Data'!$B$9:$B$83=C$7)*'Schoutens Data'!$D$9:$D$83))} -> 64.3 | D12: {=IF(SUMPRODUCT(('Schoutens Data'!$A$9:$A$83=$A12)*('Schoutens Data'!$B$9:$B$83=D$7))=0,"",SUMPRODUCT(('Schoutens Data'!$A$9:$A$83=$A12)*('Schoutens Data'!$B$9:$B$83=D$7)*'Schoutens Data'!$D$9:$D$83))} -> 82.5 | E12: {=IF(SUMPRODUCT(('Schoutens Data'!$A$9:$A$83=$A12)*('Schoutens Data'!$B$9:$B$83=E$7))=0,"",SUMPRODUCT(('Schoutens Data'!$A$9:$A$83=$A12)*('Schoutens Data'!$B$9:$B$83=E$7)*'Schoutens Data'!$D$9:$D$83))} -> 97.6 | F12: {=IF(SUMPRODUCT(('Schoutens Data'!$A$9:$A$83=$A12)*('Schoutens Data'!$B$9:$B$83=F$7))=0,"",SUMPRODUCT(('Schoutens Data'!$A$9:$A$83=$A12)*('Schoutens Data'!$B$9:$B$83=F$7)*'Schoutens Data'!$D$9:$D$83))} | G12: {=IF(SUMPRODUCT(('Schoutens Data'!$A$9:$A$83=$A12)*('Schoutens Data'!$B$9:$B$83=G$7))=0,"",SUMPRODUCT(('Schoutens Data'!$A$9:$A$83=$A12)*('Schoutens Data'!$B$9:$B$83=G$7)*'Schoutens Data'!$D$9:$D$83))} | H12: {=IF(SUMPRODUCT(('Schoutens Data'!$A$9:$A$83=$A12)*('Schoutens Data'!$B$9:$B$83=H$7))=0,"",SUMPRODUCT(('Schoutens Data'!$A$9:$A$83=$A12)*('Schoutens Data'!$B$9:$B$83=H$7)*'Schoutens Data'!$D$9:$D$83))}
A13: 1090 | B13: {=IF(SUMPRODUCT(('Schoutens Data'!$A$9:$A$83=$A13)*('Schoutens Data'!$B$9:$B$83=B$7))=0,"",SUMPRODUCT(('Schoutens Data'!$A$9:$A$83=$A13)*('Schoutens Data'!$B$9:$B$83=B$7)*'Schoutens Data'!$D$9:$D$83))} -> 43.1 | C13: {=IF(SUMPRODUCT(('Schoutens Data'!$A$9:$A$83=$A13)*('Schoutens Data'!$B$9:$B$83=C$7))=0,"",SUMPRODUCT(('Schoutens Data'!$A$9:$A$83=$A13)*('Schoutens Data'!$B$9:$B$83=C$7)*'Schoutens Data'!$D$9:$D$83))} | D13: {=IF(SUMPRODUCT(('Schoutens Data'!$A$9:$A$83=$A13)*('Schoutens Data'!$B$9:$B$83=D$7))=0,"",SUMPRODUCT(('Schoutens Data'!$A$9:$A$83=$A13)*('Schoutens Data'!$B$9:$B$83=D$7)*'Schoutens Data'!$D$9:$D$83))} | E13: {=IF(SUMPRODUCT(('Schoutens Data'!$A$9:$A$83=$A13)*('Schoutens Data'!$B$9:$B$83=E$7))=0,"",SUMPRODUCT(('Schoutens Data'!$A$9:$A$83=$A13)*('Schoutens Data'!$B$9:$B$83=E$7)*'Schoutens Data'!$D$9:$D$83))} | F13: {=IF(SUMPRODUCT(('Schoutens Data'!$A$9:$A$83=$A13)*('Schoutens Data'!$B$9:$B$83=F$7))=0,"",SUMPRODUCT(('Schoutens Data'!$A$9:$A$83=$A13)*('Schoutens Data'!$B$9:$B$83=F$7)*'Schoutens Data'!$D$9:$D$83))} | G13: {=IF(SUMPRODUCT(('Schoutens Data'!$A$9:$A$83=$A13)*('Schoutens Data'!$B$9:$B$83=G$7))=0,"",SUMPRODUCT(('Schoutens Data'!$A$9:$A$83=$A13)*('Schoutens Data'!$B$9:$B$83=G$7)*'Schoutens Data'!$D$9:$D$83))} | H13: {=IF(SUMPRODUCT(('Schoutens Data'!$A$9:$A$83=$A13)*('Schoutens Data'!$B$9:$B$83=H$7))=0,"",SUMPRODUCT(('Schoutens Data'!$A$9:$A$83=$A13)*('Schoutens Data'!$B$9:$B$83=H$7)*'Schoutens Data'!$D$9:$D$83))}
A14: 1100 | B14: {=IF(SUMPRODUCT(('Schoutens Data'!$A$9:$A$83=$A14)*('Schoutens Data'!$B$9:$B$83=B$7))=0,"",SUMPRODUCT(('Schoutens Data'!$A$9:$A$83=$A14)*('Schoutens Data'!$B$9:$B$83=B$7)*'Schoutens Data'!$D$9:$D$83))} -> 35.6 | C14: {=IF(SUMPRODUCT(('Schoutens Data'!$A$9:$A$83=$A14)*('Schoutens Data'!$B$9:$B$83=C$7))=0,"",SUMPRODUCT(('Schoutens Data'!$A$9:$A$83=$A14)*('Schoutens Data'!$B$9:$B$83=C$7)*'Schoutens Data'!$D$9:$D$83))} | D14: {=IF(SUMPRODUCT(('Schoutens Data'!$A$9:$A$83=$A14)*('Schoutens Data'!$B$9:$B$83=D$7))=0,"",SUMPRODUCT(('Schoutens Data'!$A$9:$A$83=$A14)*('Schoutens Data'!$B$9:$B$83=D$7)*'Schoutens Data'!$D$9:$D$83))} -> 65.5 | E14: {=IF(SUMPRODUCT(('Schoutens Data'!$A$9:$A$83=$A14)*('Schoutens Data'!$B$9:$B$83=E$7))=0,"",SUMPRODUCT(('Schoutens Data'!$A$9:$A$83=$A14)*('Schoutens Data'!$B$9:$B$83=E$7)*'Schoutens Data'!$D$9:$D$83))} -> 81.2 | F14: {=IF(SUMPRODUCT(('Schoutens Data'!$A$9:$A$83=$A14)*('Schoutens Data'!$B$9:$B$83=F$7))=0,"",SUMPRODUCT(('Schoutens Data'!$A$9:$A$83=$A14)*('Schoutens Data'!$B$9:$B$83=F$7)*'Schoutens Data'!$D$9:$D$83))} -> 96.2 | G14: {=IF(SUMPRODUCT(('Schoutens Data'!$A$9:$A$83=$A14)*('Schoutens Data'!$B$9:$B$83=G$7))=0,"",SUMPRODUCT(('Schoutens Data'!$A$9:$A$83=$A14)*('Schoutens Data'!$B$9:$B$83=G$7)*'Schoutens Data'!$D$9:$D$83))} -> 111.3 | H14: {=IF(SUMPRODUCT(('Schoutens Data'!$A$9:$A$83=$A14)*('Schoutens Data'!$B$9:$B$83=H$7))=0,"",SUMPRODUCT(('Schoutens Data'!$A$9:$A$83=$A14)*('Schoutens Data'!$B$9:$B$83=H$7)*'Schoutens Data'!$D$9:$D$83))} -> 140.4
A15: 1110 | B15: {=IF(SUMPRODUCT(('Schoutens Data'!$A$9:$A$83=$A15)*('Schoutens Data'!$B$9:$B$83=B$7))=0,"",SUMPRODUCT(('Schoutens Data'!$A$9:$A$83=$A15)*('Schoutens Data'!$B$9:$B$83=B$7)*'Schoutens Data'!$D$9:$D$83))} | C15: {=IF(SUMPRODUCT(('Schoutens Data'!$A$9:$A$83=$A15)*('Schoutens Data'!$B$9:$B$83=C$7))=0,"",SUMPRODUCT(('Schoutens Data'!$A$9:$A$83=$A15)*('Schoutens Data'!$B$9:$B$83=C$7)*'Schoutens Data'!$D$9:$D$83))} -> 39.5 | D15: {=IF(SUMPRODUCT(('Schoutens Data'!$A$9:$A$83=$A15)*('Schoutens Data'!$B$9:$B$83=D$7))=0,"",SUMPRODUCT(('Schoutens Data'!$A$9:$A$83=$A15)*('Schoutens Data'!$B$9:$B$83=D$7)*'Schoutens Data'!$D$9:$D$83))} | E15: {=IF(SUMPRODUCT(('Schoutens Data'!$A$9:$A$83=$A15)*('Schoutens Data'!$B$9:$B$83=E$7))=0,"",SUMPRODUCT(('Schoutens Data'!$A$9:$A$83=$A15)*('Schoutens Data'!$B$9:$B$83=E$7)*'Schoutens Data'!$D$9:$D$83))} | F15: {=IF(SUMPRODUCT(('Schoutens Data'!$A$9:$A$83=$A15)*('Schoutens Data'!$B$9:$B$83=F$7))=0,"",SUMPRODUCT(('Schoutens Data'!$A$9:$A$83=$A15)*('Schoutens Data'!$B$9:$B$83=F$7)*'Schoutens Data'!$D$9:$D$83))} | G15: {=IF(SUMPRODUCT(('Schoutens Data'!$A$9:$A$83=$A15)*('Schoutens Data'!$B$9:$B$83=G$7))=0,"",SUMPRODUCT(('Schoutens Data'!$A$9:$A$83=$A15)*('Schoutens Data'!$B$9:$B$83=G$7)*'Schoutens Data'!$D$9:$D$83))} | H15: {=IF(SUMPRODUCT(('Schoutens Data'!$A$9:$A$83=$A15)*('Schoutens Data'!$B$9:$B$83=H$7))=0,"",SUMPRODUCT(('Schoutens Data'!$A$9:$A$83=$A15)*('Schoutens Data'!$B$9:$B$83=H$7)*'Schoutens Data'!$D$9:$D$83))}
A16: 1120 | B16: {=IF(SUMPRODUCT(('Schoutens Data'!$A$9:$A$83=$A16)*('Schoutens Data'!$B$9:$B$83=B$7))=0,"",SUMPRODUCT(('Schoutens Data'!$A$9:$A$83=$A16)*('Schoutens Data'!$B$9:$B$83=B$7)*'Schoutens Data'!$D$9:$D$83))} -> 22.9 | C16: {=IF(SUMPRODUCT(('Schoutens Data'!$A$9:$A$83=$A16)*('Schoutens Data'!$B$9:$B$83=C$7))=0,"",SUMPRODUCT(('Schoutens Data'!$A$9:$A$83=$A16)*('Schoutens Data'!$B$9:$B$83=C$7)*'Schoutens Data'!$D$9:$D$83))} -> 33.5 | D16: {=IF(SUMPRODUCT(('Schoutens Data'!$A$9:$A$83=$A16)*('Schoutens Data'!$B$9:$B$83=D$7))=0,"",SUMPRODUCT(('Schoutens Data'!$A$9:$A$83=$A16)*('Schoutens Data'!$B$9:$B$83=D$7)*'Schoutens Data'!$D$9:$D$83))} | E16: {=IF(SUMPRODUCT(('Schoutens Data'!$A$9:$A$83=$A16)*('Schoutens Data'!$B$9:$B$83=E$7))=0,"",SUMPRODUCT(('Schoutens Data'!$A$9:$A$83=$A16)*('Schoutens Data'!$B$9:$B$83=E$7)*'Schoutens Data'!$D$9:$D$83))} | F16: {=IF(SUMPRODUCT(('Schoutens Data'!$A$9:$A$83=$A16)*('Schoutens Data'!$B$9:$B$83=F$7))=0,"",SUMPRODUCT(('Schoutens Data'!$A$9:$A$83=$A16)*('Schoutens Data'!$B$9:$B$83=F$7)*'Schoutens Data'!$D$9:$D$83))} | G16: {=IF(SUMPRODUCT(('Schoutens Data'!$A$9:$A$83=$A16)*('Schoutens Data'!$B$9:$B$83=G$7))=0,"",SUMPRODUCT(('Schoutens Data'!$A$9:$A$83=$A16)*('Schoutens Data'!$B$9:$B$83=G$7)*'Schoutens Data'!$D$9:$D$83))} | H16: {=IF(SUMPRODUCT(('Schoutens Data'!$A$9:$A$83=$A16)*('Schoutens Data'!$B$9:$B$83=H$7))=0,"",SUMPRODUCT(('Schoutens Data'!$A$9:$A$83=$A16)*('Schoutens Data'!$B$9:$B$83=H$7)*'Schoutens Data'!$D$9:$D$83))}
A17: 1125 | B17: {=IF(SUMPRODUCT(('Schoutens Data'!$A$9:$A$83=$A17)*('Schoutens Data'!$B$9:$B$83=B$7))=0,"",SUMPRODUCT(('Schoutens Data'!$A$9:$A$83=$A17)*('Schoutens Data'!$B$9:$B$83=B$7)*'Schoutens Data'!$D$9:$D$83))} -> 20.2 | C17: {=IF(SUMPRODUCT(('Schoutens Data'!$A$9:$A$83=$A17)*('Schoutens Data'!$B$9:$B$83=C$7))=0,"",SUMPRODUCT(('Schoutens Data'!$A$9:$A$83=$A17)*('Schoutens Data'!$B$9:$B$83=C$7)*'Schoutens Data'!$D$9:$D$83))} -> 30.7 | D17: {=IF(SUMPRODUCT(('Schoutens Data'!$A$9:$A$83=$A17)*('Schoutens Data'!$B$9:$B$83=D$7))=0,"",SUMPRODUCT(('Schoutens Data'!$A$9:$A$83=$A17)*('Schoutens Data'!$B$9:$B$83=D$7)*'Schoutens Data'!$D$9:$D$83))} -> 51 | E17: {=IF(SUMPRODUCT(('Schoutens Data'!$A$9:$A$83=$A17)*('Schoutens Data'!$B$9:$B$83=E$7))=0,"",SUMPRODUCT(('Schoutens Data'!$A$9:$A$83=$A17)*('Schoutens Data'!$B$9:$B$83=E$7)*'Schoutens Data'!$D$9:$D$83))} -> 66.9 | F17: {=IF(SUMPRODUCT(('Schoutens Data'!$A$9:$A$83=$A17)*('Schoutens Data'!$B$9:$B$83=F$7))=0,"",SUMPRODUCT(('Schoutens Data'!$A$9:$A$83=$A17)*('Schoutens Data'!$B$9:$B$83=F$7)*'Schoutens Data'!$D$9:$D$83))} -> 81.7 | G17: {=IF(SUMPRODUCT(('Schoutens Data'!$A$9:$A$83=$A17)*('Schoutens Data'!$B$9:$B$83=G$7))=0,"",SUMPRODUCT(('Schoutens Data'!$A$9:$A$83=$A17)*('Schoutens Data'!$B$9:$B$83=G$7)*'Schoutens Data'!$D$9:$D$83))} -> 97 | H17: {=IF(SUMPRODUCT(('Schoutens Data'!$A$9:$A$83=$A17)*('Schoutens Data'!$B$9:$B$83=H$7))=0,"",SUMPRODUCT(('Schoutens Data'!$A$9:$A$83=$A17)*('Schoutens Data'!$B$9:$B$83=H$7)*'Schoutens Data'!$D$9:$D$83))}
A18: 1130 | B18: {=IF(SUMPRODUCT(('Schoutens Data'!$A$9:$A$83=$A18)*('Schoutens Data'!$B$9:$B$83=B$7))=0,"",SUMPRODUCT(('Schoutens Data'!$A$9:$A$83=$A18)*('Schoutens Data'!$B$9:$B$83=B$7)*'Schoutens Data'!$D$9:$D$83))} | C18: {=IF(SUMPRODUCT(('Schoutens Data'!$A$9:$A$83=$A18)*('Schoutens Data'!$B$9:$B$83=C$7))=0,"",SUMPRODUCT(('Schoutens Data'!$A$9:$A$83=$A18)*('Schoutens Data'!$B$9:$B$83=C$7)*'Schoutens Data'!$D$9:$D$83))} -> 28 | D18: {=IF(SUMPRODUCT(('Schoutens Data'!$A$9:$A$83=$A18)*('Schoutens Data'!$B$9:$B$83=D$7))=0,"",SUMPRODUCT(('Schoutens Data'!$A$9:$A$83=$A18)*('Schoutens Data'!$B$9:$B$83=D$7)*'Schoutens Data'!$D$9:$D$83))} | E18: {=IF(SUMPRODUCT(('Schoutens Data'!$A$9:$A$83=$A18)*('Schoutens Data'!$B$9:$B$83=E$7))=0,"",SUMPRODUCT(('Schoutens Data'!$A$9:$A$83=$A18)*('Schoutens Data'!$B$9:$B$83=E$7)*'Schoutens Data'!$D$9:$D$83))} | F18: {=IF(SUMPRODUCT(('Schoutens Data'!$A$9:$A$83=$A18)*('Schoutens Data'!$B$9:$B$83=F$7))=0,"",SUMPRODUCT(('Schoutens Data'!$A$9:$A$83=$A18)*('Schoutens Data'!$B$9:$B$83=F$7)*'Schoutens Data'!$D$9:$D$83))} | G18: {=IF(SUMPRODUCT(('Schoutens Data'!$A$9:$A$83=$A18)*('Schoutens Data'!$B$9:$B$83=G$7))=0,"",SUMPRODUCT(('Schoutens Data'!$A$9:$A$83=$A18)*('Schoutens Data'!$B$9:$B$83=G$7)*'Schoutens Data'!$D$9:$D$83))} | H18: {=IF(SUMPRODUCT(('Schoutens Data'!$A$9:$A$83=$A18)*('Schoutens Data'!$B$9:$B$83=H$7))=0,"",SUMPRODUCT(('Schoutens Data'!$A$9:$A$83=$A18)*('Schoutens Data'!$B$9:$B$83=H$7)*'Schoutens Data'!$D$9:$D$83))}
A19: 1135 | B19: {=IF(SUMPRODUCT(('Schoutens Data'!$A$9:$A$83=$A19)*('Schoutens Data'!$B$9:$B$83=B$7))=0,"",SUMPRODUCT(('Schoutens Data'!$A$9:$A$83=$A19)*('Schoutens Data'!$B$9:$B$83=B$7)*'Schoutens Data'!$D$9:$D$83))} | C19: {=IF(SUMPRODUCT(('Schoutens Data'!$A$9:$A$83=$A19)*('Schoutens Data'!$B$9:$B$83=C$7))=0,"",SUMPRODUCT(('Schoutens Data'!$A$9:$A$83=$A19)*('Schoutens Data'!$B$9:$B$83=C$7)*'Schoutens Data'!$D$9:$D$83))} -> 25.6 | D19: {=IF(SUMPRODUCT(('Schoutens Data'!$A$9:$A$83=$A19)*('Schoutens Data'!$B$9:$B$83=D$7))=0,"",SUMPRODUCT(('Schoutens Data'!$A$9:$A$83=$A19)*('Schoutens Data'!$B$9:$B$83=D$7)*'Schoutens Data'!$D$9:$D$83))} -> 45.5 | E19: {=IF(SUMPRODUCT(('Schoutens Data'!$A$9:$A$83=$A19)*('Schoutens Data'!$B$9:$B$83=E$7))=0,"",SUMPRODUCT(('Schoutens Data'!$A$9:$A$83=$A19)*('Schoutens Data'!$B$9:$B$83=E$7)*'Schoutens Data'!$D$9:$D$83))} | F19: {=IF(SUMPRODUCT(('Schoutens Data'!$A$9:$A$83=$A19)*('Schoutens Data'!$B$9:$B$83=F$7))=0,"",SUMPRODUCT(('Schoutens Data'!$A$9:$A$83=$A19)*('Schoutens Data'!$B$9:$B$83=F$7)*'Schoutens Data'!$D$9:$D$83))} | G19: {=IF(SUMPRODUCT(('Schoutens Data'!$A$9:$A$83=$A19)*('Schoutens Data'!$B$9:$B$83=G$7))=0,"",SUMPRODUCT(('Schoutens Data'!$A$9:$A$83=$A19)*('Schoutens Data'!$B$9:$B$83=G$7)*'Schoutens Data'!$D$9:$D$83))} | H19: {=IF(SUMPRODUCT(('Schoutens Data'!$A$9:$A$83=$A19)*('Schoutens Data'!$B$9:$B$83=H$7))=0,"",SUMPRODUCT(('Schoutens Data'!$A$9:$A$83=$A19)*('Schoutens Data'!$B$9:$B$83=H$7)*'Schoutens Data'!$D$9:$D$83))}
... A34: 1500 | B34: {=IF(SUMPRODUCT(('Schoutens Data'!$A$9:$A$83=$A34)*('Schoutens Data'!$B$9:$B$83=B$7))=0,"",SUMPRODUCT(('Schoutens Data'!$A$9:$A$83=$A34)*('Schoutens Data'!$B$9:$B$83=B$7)*'Schoutens Data'!$D$9:$D$83))} | C34: {=IF(SUMPRODUCT(('Schoutens Data'!$A$9:$A$83=$A34)*('Schoutens Data'!$B$9:$B$83=C$7))=0,"",SUMPRODUCT(('Schoutens Data'!$A$9:$A$83=$A34)*('Schoutens Data'!$B$9:$B$83=C$7)*'Schoutens Data'!$D$9:$D$83))} | D34: {=IF(SUMPRODUCT(('Schoutens Data'!$A$9:$A$83=$A34)*('Schoutens Data'!$B$9:$B$83=D$7))=0,"",SUMPRODUCT(('Schoutens Data'!$A$9:$A$83=$A34)*('Schoutens Data'!$B$9:$B$83=D$7)*'Schoutens Data'!$D$9:$D$83))} | E34: {=IF(SUMPRODUCT(('Schoutens Data'!$A$9:$A$83=$A34)*('Schoutens Data'!$B$9:$B$83=E$7))=0,"",SUMPRODUCT(('Schoutens Data'!$A$9:$A$83=$A34)*('Schoutens Data'!$B$9:$B$83=E$7)*'Schoutens Data'!$D$9:$D$83))} | F34: {=IF(SUMPRODUCT(('Schoutens Data'!$A$9:$A$83=$A34)*('Schoutens Data'!$B$9:$B$83=F$7))=0,"",SUMPRODUCT(('Schoutens Data'!$A$9:$A$83=$A34)*('Schoutens Data'!$B$9:$B$83=F$7)*'Schoutens Data'!$D$9:$D$83))} | G34: {=IF(SUMPRODUCT(('Schoutens Data'!$A$9:$A$83=$A34)*('Schoutens Data'!$B$9:$B$83=G$7))=0,"",SUMPRODUCT(('Schoutens Data'!$A$9:$A$83=$A34)*('Schoutens Data'!$B$9:$B$83=G$7)*'Schoutens Data'!$D$9:$D$83))} | H34: {=IF(SUMPRODUCT(('Schoutens Data'!$A$9:$A$83=$A34)*('Schoutens Data'!$B$9:$B$83=H$7))=0,"",SUMPRODUCT(('Schoutens Data'!$A$9:$A$83=$A34)*('Schoutens Data'!$B$9:$B$83=H$7)*'Schoutens Data'!$D$9:$D$83))} -> 12.2
A36: Source: Schoutens, W. (2003). Lévy Processes in Finance. Wiley. Appendix C. Blank = not listed in appendix.

Sheet Schoutens Data
A1: Calibration Input Table — one row per observed price
A2: Snapshot date | B2: 37364 | C2: ← change date here to update TTM in CalibrationData
A3: Spot S0 | B3: 1124.47 | C3: ← S&P 500 close on snapshot date
A4: Rate r | B4: 0.019 | C4: ← continuously compounded, per Schoutens (2003)
A5: Div yield q | B5: 0.012 | C5: ← index dividend yield, per Schoutens (2003)
A8: strike | B8: maturity | C8: expiry_date | D8: mid | E8: ttm | F8: rate | G8: div_yld | H8: spot | I8: fwd | J8: log_m
A9: 975 | B9: 37500 | C9: 37520 | D9: 161.6 | E9: 0.427397 | F9: =$B$4 -> 0.019 | G9: =$B$5 -> 0.012 | H9: =$B$3 -> 1124.47 | I9: =H9*EXP((F9-G9)*E9) -> 1127.8392 | J9: =LN(A9/I9) -> -0.1456214
A10: 975 | B10: 37591 | C10: 37611 | D10: 173.3 | E10: 0.676712 | F10: =$B$4 -> 0.019 | G10: =$B$5 -> 0.012 | H10: =$B$3 -> 1124.47 | I10: =H10*EXP((F10-G10)*E10) -> 1129.8092 | J10: =LN(A10/I10) -> -0.14736661
A11: 995 | B11: 37500 | C11: 37520 | D11: 144.8 | E11: 0.427397 | F11: =$B$4 -> 0.019 | G11: =$B$5 -> 0.012 | H11: =$B$3 -> 1124.47 | I11: =H11*EXP((F11-G11)*E11) -> 1127.8392 | J11: =LN(A11/I11) -> -0.12531613
A12: 995 | B12: 37591 | C12: 37611 | D12: 157 | E12: 0.676712 | F12: =$B$4 -> 0.019 | G12: =$B$5 -> 0.012 | H12: =$B$3 -> 1124.47 | I12: =H12*EXP((F12-G12)*E12) -> 1129.8092 | J12: =LN(A12/I12) -> -0.12706134
A13: 995 | B13: 37773 | C13: 37793 | D13: 182.1 | E13: 1.175342 | F13: =$B$4 -> 0.019 | G13: =$B$5 -> 0.012 | H13: =$B$3 -> 1124.47 | I13: =H13*EXP((F13-G13)*E13) -> 1133.7596 | J13: =LN(A13/I13) -> -0.13055175
A14: 1025 | B14: 37500 | C14: 37520 | D14: 120.1 | E14: 0.427397 | F14: =$B$4 -> 0.019 | G14: =$B$5 -> 0.012 | H14: =$B$3 -> 1124.47 | I14: =H14*EXP((F14-G14)*E14) -> 1127.8392 | J14: =LN(A14/I14) -> -0.09561098
A15: 1025 | B15: 37591 | C15: 37611 | D15: 133.1 | E15: 0.676712 | F15: =$B$4 -> 0.019 | G15: =$B$5 -> 0.012 | H15: =$B$3 -> 1124.47 | I15: =H15*EXP((F15-G15)*E15) -> 1129.8092 | J15: =LN(A15/I15) -> -0.097356185
A16: 1025 | B16: 37681 | C16: 37702 | D16: 146.5 | E16: 0.926027 | F16: =$B$4 -> 0.019 | G16: =$B$5 -> 0.012 | H16: =$B$3 -> 1124.47 | I16: =H16*EXP((F16-G16)*E16) -> 1131.7827 | J16: =LN(A16/I16) -> -0.09910139
A17: 1050 | B17: 37408 | C17: 37429 | D17: 84.5 | E17: 0.178082 | F17: =$B$4 -> 0.019 | G17: =$B$5 -> 0.012 | H17: =$B$3 -> 1124.47 | I17: =H17*EXP((F17-G17)*E17) -> 1125.8726 | J17: =LN(A17/I17) -> -0.069768223
A18: 1050 | B18: 37500 | C18: 37520 | D18: 100.7 | E18: 0.427397 | F18: =$B$4 -> 0.019 | G18: =$B$5 -> 0.012 | H18: =$B$3 -> 1124.47 | I18: =H18*EXP((F18-G18)*E18) -> 1127.8392 | J18: =LN(A18/I18) -> -0.071513428
A19: 1050 | B19: 37591 | C19: 37611 | D19: 114.8 | E19: 0.676712 | F19: =$B$4 -> 0.019 | G19: =$B$5 -> 0.012 | H19: =$B$3 -> 1124.47 | I19: =H19*EXP((F19-G19)*E19) -> 1129.8092 | J19: =LN(A19/I19) -> -0.073258633
A20: 1050 | B20: 37773 | C20: 37793 | D20: 143 | E20: 1.175342 | F20: =$B$4 -> 0.019 | G20: =$B$5 -> 0.012 | H20: =$B$3 -> 1124.47 | I20: =H20*EXP((F20-G20)*E20) -> 1133.7596 | J20: =LN(A20/I20) -> -0.076749043
... A83: 1500 | B83: 37956 | C83: 37975 | D83: 12.2 | E83: 1.673973 | F83: =$B$4 -> 0.019 | G83: =$B$5 -> 0.012 | H83: =$B$3 -> 1124.47 | I83: =H83*EXP((F83-G83)*E83) -> 1137.7238 | J83: =LN(A83/I83) -> 0.27643548
